{
  "_fv": 10,
  "_type": "block",
  "definition": {
    "texture": "mushroom_lamp_on",
    "textureTop": "",
    "textureLeft": "",
    "textureFront": "",
    "textureRight": "",
    "textureBack": "",
    "renderType": 12,
    "customModelName": "Cross model",
    "rotationMode": 0,
    "emissiveRendering": true,
    "itemTexture": "mushroom_lamp_off",
    "hasTransparency": true,
    "connectedSides": false,
    "transparencyType": "CUTOUT_MIPPED",
    "mx": 0.187,
    "my": 0.0,
    "mz": 0.187,
    "Mx": 0.812,
    "My": 0.687,
    "Mz": 0.812,
    "name": "Mushroom Lamp On",
    "specialInfo": [],
    "hardness": 0.5,
    "resistance": 0.0,
    "hasGravity": false,
    "creativeTab": {
      "value": "DECORATIONS"
    },
    "destroyTool": "Not specified",
    "customDrop": {
      "value": "CUSTOM:MushroomLamp0"
    },
    "dropAmount": 1,
    "isBeaconBase": false,
    "enchantPowerBonus": 0.0,
    "plantsGrowOn": false,
    "canProvidePower": true,
    "lightOpacity": 0,
    "material": {
      "value": "PLANTS"
    },
    "tickRate": 10,
    "tickRandomly": false,
    "isReplaceable": false,
    "colorOnMap": "DEFAULT",
    "creativePickItem": {
      "value": "CUSTOM:MushroomLamp1"
    },
    "offsetType": "XZ",
    "aiPathNodeType": "DEFAULT",
    "flammability": 0,
    "fireSpreadSpeed": 0,
    "isLadder": false,
    "slipperiness": 0.6,
    "reactionToPushing": "DESTROY",
    "isNotColidable": true,
    "soundOnStep": {
      "value": "PLANT"
    },
    "luminance": 0.9,
    "unbreakable": false,
    "breakHarvestLevel": 1,
    "spawnParticles": true,
    "particleToSpawn": {
      "value": "CRIT"
    },
    "particleSpawningShape": "Plane",
    "particleSpawningRadious": 0.09999999850988389,
    "particleAmount": 1,
    "hasInventory": false,
    "guiBoundTo": "<NONE>",
    "openGUIOnRightClick": false,
    "inventorySize": 9,
    "inventoryStackSize": 64,
    "inventoryDropWhenDestroyed": true,
    "inventoryComparatorPower": true,
    "inventoryOutSlotIDs": [],
    "inventoryInSlotIDs": [],
    "hasEnergyStorage": false,
    "energyInitial": 0,
    "energyCapacity": 400000,
    "energyMaxReceive": 200,
    "energyMaxExtract": 200,
    "isFluidTank": false,
    "fluidCapacity": 8000,
    "fluidRestrictions": [],
    "onRedstoneOff": {
      "name": "MushroomLamp1RedstoneOff"
    },
    "spawnWorldTypes": [],
    "restrictionBiomes": [],
    "blocksToReplace": [
      {
        "value": "Blocks.STONE"
      }
    ],
    "frequencyPerChunks": 10,
    "frequencyOnChunk": 16,
    "minGenerateHeight": 0,
    "maxGenerateHeight": 64
  }
}