{
  "_fv": 10,
  "_type": "block",
  "definition": {
    "texture": "cave_ravine",
    "textureTop": "",
    "textureLeft": "",
    "textureFront": "",
    "textureRight": "",
    "textureBack": "",
    "renderType": 12,
    "customModelName": "Cross model",
    "rotationMode": 0,
    "emissiveRendering": false,
    "itemTexture": "cave_ravine",
    "hasTransparency": true,
    "connectedSides": false,
    "transparencyType": "CUTOUT_MIPPED",
    "mx": 0.0,
    "my": 0.0,
    "mz": 0.0,
    "Mx": 1.0,
    "My": 1.0,
    "Mz": 1.0,
    "name": "Verribyne",
    "specialInfo": [],
    "hardness": 0.0,
    "resistance": 0.0,
    "hasGravity": false,
    "creativeTab": {
      "value": "DECORATIONS"
    },
    "destroyTool": "Not specified",
    "customDrop": {
      "value": ""
    },
    "dropAmount": 1,
    "isBeaconBase": false,
    "enchantPowerBonus": 0.0,
    "plantsGrowOn": false,
    "canProvidePower": false,
    "lightOpacity": 0,
    "material": {
      "value": "LEAVES"
    },
    "tickRate": 10,
    "tickRandomly": false,
    "isReplaceable": false,
    "colorOnMap": "DEFAULT",
    "creativePickItem": {
      "value": ""
    },
    "offsetType": "NONE",
    "aiPathNodeType": "WALKABLE",
    "flammability": 40,
    "fireSpreadSpeed": 1,
    "isLadder": true,
    "slipperiness": 0.6,
    "reactionToPushing": "DESTROY",
    "isNotColidable": true,
    "soundOnStep": {
      "value": "PLANT"
    },
    "luminance": 0.0,
    "unbreakable": false,
    "breakHarvestLevel": 1,
    "spawnParticles": false,
    "particleToSpawn": {
      "value": "EXPLOSION_NORMAL"
    },
    "particleSpawningShape": "Spread",
    "particleSpawningRadious": 0.5,
    "particleAmount": 4,
    "hasInventory": false,
    "guiBoundTo": "<NONE>",
    "openGUIOnRightClick": false,
    "inventorySize": 9,
    "inventoryStackSize": 64,
    "inventoryDropWhenDestroyed": true,
    "inventoryComparatorPower": true,
    "inventoryOutSlotIDs": [],
    "inventoryInSlotIDs": [],
    "hasEnergyStorage": false,
    "energyInitial": 0,
    "energyCapacity": 400000,
    "energyMaxReceive": 200,
    "energyMaxExtract": 200,
    "isFluidTank": false,
    "fluidCapacity": 8000,
    "fluidRestrictions": [],
    "onBlockAdded": {
      "name": "Verribyne1Transformer"
    },
    "onNeighbourBlockChanges": {
      "name": "Verribyne1Transformer"
    },
    "spawnWorldTypes": [],
    "restrictionBiomes": [],
    "blocksToReplace": [],
    "frequencyPerChunks": 10,
    "frequencyOnChunk": 16,
    "minGenerateHeight": 0,
    "maxGenerateHeight": 64
  }
}