{
  "credit": "Made with Blockbench",
  "elements": [
    {
      "from": [
        2,
        12,
        2
      ],
      "to": [
        14,
        16,
        14
      ],
      "rotation": {
        "angle": 0,
        "axis": "y",
        "origin": [
          10,
          23,
          10
        ]
      },
      "faces": {
        "north": {
          "uv": [
            2,
            0,
            14,
            4
          ],
          "texture": "#0"
        },
        "east": {
          "uv": [
            2,
            0,
            14,
            4
          ],
          "texture": "#0"
        },
        "south": {
          "uv": [
            2,
            0,
            14,
            4
          ],
          "texture": "#0"
        },
        "west": {
          "uv": [
            2,
            0,
            14,
            4
          ],
          "texture": "#0"
        },
        "down": {
          "uv": [
            0,
            0,
            12,
            12
          ],
          "texture": "#1"
        }
      }
    },
    {
      "from": [
        2,
        7,
        2
      ],
      "to": [
        13,
        12,
        13
      ],
      "rotation": {
        "angle": 0,
        "axis": "y",
        "origin": [
          10,
          19,
          10
        ]
      },
      "faces": {
        "north": {
          "uv": [
            3,
            4,
            14,
            9
          ],
          "texture": "#0"
        },
        "east": {
          "uv": [
            3,
            4,
            14,
            9
          ],
          "texture": "#0"
        },
        "south": {
          "uv": [
            3,
            4,
            14,
            9
          ],
          "texture": "#0"
        },
        "west": {
          "uv": [
            3,
            4,
            14,
            9
          ],
          "texture": "#0"
        },
        "down": {
          "uv": [
            0,
            0,
            11,
            11
          ],
          "texture": "#1"
        }
      }
    },
    {
      "from": [
        3,
        4,
        2
      ],
      "to": [
        13,
        7,
        12
      ],
      "rotation": {
        "angle": 0,
        "axis": "y",
        "origin": [
          14,
          14,
          10
        ]
      },
      "faces": {
        "north": {
          "uv": [
            3,
            9,
            13,
            12
          ],
          "texture": "#0"
        },
        "east": {
          "uv": [
            3,
            9,
            13,
            12
          ],
          "texture": "#0"
        },
        "south": {
          "uv": [
            3,
            9,
            13,
            12
          ],
          "texture": "#0"
        },
        "west": {
          "uv": [
            3,
            9,
            13,
            12
          ],
          "texture": "#0"
        },
        "down": {
          "uv": [
            0,
            0,
            10,
            10
          ],
          "texture": "#1"
        }
      }
    },
    {
      "from": [
        3,
        0,
        3
      ],
      "to": [
        12,
        4,
        12
      ],
      "rotation": {
        "angle": 0,
        "axis": "y",
        "origin": [
          12,
          8,
          11
        ]
      },
      "faces": {
        "north": {
          "uv": [
            4,
            12,
            13,
            16
          ],
          "texture": "#0"
        },
        "east": {
          "uv": [
            4,
            12,
            13,
            16
          ],
          "texture": "#0"
        },
        "south": {
          "uv": [
            4,
            12,
            12,
            16
          ],
          "texture": "#0"
        },
        "west": {
          "uv": [
            4,
            12,
            13,
            16
          ],
          "texture": "#0"
        },
        "down": {
          "uv": [
            0,
            0,
            8,
            5
          ],
          "texture": "#1"
        }
      }
    }
  ]
}