{
  "variants": {
    "normal": {
      "model": "rotn_blocks:charred_log_pile"
    },
    "facing=south": {
      "model": "rotn_blocks:charred_log_pile"
    },
    "facing=north": {
      "model": "rotn_blocks:charred_log_pile"
    },
    "facing=east": {
      "model": "rotn_blocks:charred_log_pile",
      "x": 90
    },
    "facing=west": {
      "model": "rotn_blocks:charred_log_pile",
      "x": 90
    },
    "facing=up": {
      "model": "rotn_blocks:charred_log_pile",
      "x": 90,
      "y": 90
    },
    "facing=down": {
      "model": "rotn_blocks:charred_log_pile",
      "x": 90,
      "y": 90
    }
  }
}